{
  "A1": {
    "row_1_based_bottom": 1,
    "col_1_based_left": 1,
    "row_index_top0": 13,
    "col_index_left0": 0
  },
  "B1": {
    "row_1_based_bottom": 1,
    "col_1_based_left": 2,
    "row_index_top0": 13,
    "col_index_left0": 1
  },
  "C1": {
    "row_1_based_bottom": 1,
    "col_1_based_left": 3,
    "row_index_top0": 13,
    "col_index_left0": 2
  },
  "D1": {
    "row_1_based_bottom": 1,
    "col_1_based_left": 4,
    "row_index_top0": 13,
    "col_index_left0": 3
  },
  "E1": {
    "row_1_based_bottom": 1,
    "col_1_based_left": 5,
    "row_index_top0": 13,
    "col_index_left0": 4
  },
  "F1": {
    "row_1_based_bottom": 1,
    "col_1_based_left": 6,
    "row_index_top0": 13,
    "col_index_left0": 5
  },
  "G1": {
    "row_1_based_bottom": 1,
    "col_1_based_left": 7,
    "row_index_top0": 13,
    "col_index_left0": 6
  },
  "H1": {
    "row_1_based_bottom": 1,
    "col_1_based_left": 8,
    "row_index_top0": 13,
    "col_index_left0": 7
  },
  "I1": {
    "row_1_based_bottom": 1,
    "col_1_based_left": 9,
    "row_index_top0": 13,
    "col_index_left0": 8
  },
  "J1": {
    "row_1_based_bottom": 1,
    "col_1_based_left": 10,
    "row_index_top0": 13,
    "col_index_left0": 9
  },
  "A2": {
    "row_1_based_bottom": 2,
    "col_1_based_left": 1,
    "row_index_top0": 12,
    "col_index_left0": 0
  },
  "B2": {
    "row_1_based_bottom": 2,
    "col_1_based_left": 2,
    "row_index_top0": 12,
    "col_index_left0": 1
  },
  "C2": {
    "row_1_based_bottom": 2,
    "col_1_based_left": 3,
    "row_index_top0": 12,
    "col_index_left0": 2
  },
  "D2": {
    "row_1_based_bottom": 2,
    "col_1_based_left": 4,
    "row_index_top0": 12,
    "col_index_left0": 3
  },
  "E2": {
    "row_1_based_bottom": 2,
    "col_1_based_left": 5,
    "row_index_top0": 12,
    "col_index_left0": 4
  },
  "F2": {
    "row_1_based_bottom": 2,
    "col_1_based_left": 6,
    "row_index_top0": 12,
    "col_index_left0": 5
  },
  "G2": {
    "row_1_based_bottom": 2,
    "col_1_based_left": 7,
    "row_index_top0": 12,
    "col_index_left0": 6
  },
  "H2": {
    "row_1_based_bottom": 2,
    "col_1_based_left": 8,
    "row_index_top0": 12,
    "col_index_left0": 7
  },
  "I2": {
    "row_1_based_bottom": 2,
    "col_1_based_left": 9,
    "row_index_top0": 12,
    "col_index_left0": 8
  },
  "J2": {
    "row_1_based_bottom": 2,
    "col_1_based_left": 10,
    "row_index_top0": 12,
    "col_index_left0": 9
  },
  "A3": {
    "row_1_based_bottom": 3,
    "col_1_based_left": 1,
    "row_index_top0": 11,
    "col_index_left0": 0
  },
  "B3": {
    "row_1_based_bottom": 3,
    "col_1_based_left": 2,
    "row_index_top0": 11,
    "col_index_left0": 1
  },
  "C3": {
    "row_1_based_bottom": 3,
    "col_1_based_left": 3,
    "row_index_top0": 11,
    "col_index_left0": 2
  },
  "D3": {
    "row_1_based_bottom": 3,
    "col_1_based_left": 4,
    "row_index_top0": 11,
    "col_index_left0": 3
  },
  "E3": {
    "row_1_based_bottom": 3,
    "col_1_based_left": 5,
    "row_index_top0": 11,
    "col_index_left0": 4
  },
  "F3": {
    "row_1_based_bottom": 3,
    "col_1_based_left": 6,
    "row_index_top0": 11,
    "col_index_left0": 5
  },
  "G3": {
    "row_1_based_bottom": 3,
    "col_1_based_left": 7,
    "row_index_top0": 11,
    "col_index_left0": 6
  },
  "H3": {
    "row_1_based_bottom": 3,
    "col_1_based_left": 8,
    "row_index_top0": 11,
    "col_index_left0": 7
  },
  "I3": {
    "row_1_based_bottom": 3,
    "col_1_based_left": 9,
    "row_index_top0": 11,
    "col_index_left0": 8
  },
  "J3": {
    "row_1_based_bottom": 3,
    "col_1_based_left": 10,
    "row_index_top0": 11,
    "col_index_left0": 9
  },
  "A4": {
    "row_1_based_bottom": 4,
    "col_1_based_left": 1,
    "row_index_top0": 10,
    "col_index_left0": 0
  },
  "B4": {
    "row_1_based_bottom": 4,
    "col_1_based_left": 2,
    "row_index_top0": 10,
    "col_index_left0": 1
  },
  "C4": {
    "row_1_based_bottom": 4,
    "col_1_based_left": 3,
    "row_index_top0": 10,
    "col_index_left0": 2
  },
  "D4": {
    "row_1_based_bottom": 4,
    "col_1_based_left": 4,
    "row_index_top0": 10,
    "col_index_left0": 3
  },
  "E4": {
    "row_1_based_bottom": 4,
    "col_1_based_left": 5,
    "row_index_top0": 10,
    "col_index_left0": 4
  },
  "F4": {
    "row_1_based_bottom": 4,
    "col_1_based_left": 6,
    "row_index_top0": 10,
    "col_index_left0": 5
  },
  "G4": {
    "row_1_based_bottom": 4,
    "col_1_based_left": 7,
    "row_index_top0": 10,
    "col_index_left0": 6
  },
  "H4": {
    "row_1_based_bottom": 4,
    "col_1_based_left": 8,
    "row_index_top0": 10,
    "col_index_left0": 7
  },
  "I4": {
    "row_1_based_bottom": 4,
    "col_1_based_left": 9,
    "row_index_top0": 10,
    "col_index_left0": 8
  },
  "J4": {
    "row_1_based_bottom": 4,
    "col_1_based_left": 10,
    "row_index_top0": 10,
    "col_index_left0": 9
  },
  "A5": {
    "row_1_based_bottom": 5,
    "col_1_based_left": 1,
    "row_index_top0": 9,
    "col_index_left0": 0
  },
  "B5": {
    "row_1_based_bottom": 5,
    "col_1_based_left": 2,
    "row_index_top0": 9,
    "col_index_left0": 1
  },
  "C5": {
    "row_1_based_bottom": 5,
    "col_1_based_left": 3,
    "row_index_top0": 9,
    "col_index_left0": 2
  },
  "D5": {
    "row_1_based_bottom": 5,
    "col_1_based_left": 4,
    "row_index_top0": 9,
    "col_index_left0": 3
  },
  "E5": {
    "row_1_based_bottom": 5,
    "col_1_based_left": 5,
    "row_index_top0": 9,
    "col_index_left0": 4
  },
  "F5": {
    "row_1_based_bottom": 5,
    "col_1_based_left": 6,
    "row_index_top0": 9,
    "col_index_left0": 5
  },
  "G5": {
    "row_1_based_bottom": 5,
    "col_1_based_left": 7,
    "row_index_top0": 9,
    "col_index_left0": 6
  },
  "H5": {
    "row_1_based_bottom": 5,
    "col_1_based_left": 8,
    "row_index_top0": 9,
    "col_index_left0": 7
  },
  "I5": {
    "row_1_based_bottom": 5,
    "col_1_based_left": 9,
    "row_index_top0": 9,
    "col_index_left0": 8
  },
  "J5": {
    "row_1_based_bottom": 5,
    "col_1_based_left": 10,
    "row_index_top0": 9,
    "col_index_left0": 9
  },
  "A6": {
    "row_1_based_bottom": 6,
    "col_1_based_left": 1,
    "row_index_top0": 8,
    "col_index_left0": 0
  },
  "B6": {
    "row_1_based_bottom": 6,
    "col_1_based_left": 2,
    "row_index_top0": 8,
    "col_index_left0": 1
  },
  "C6": {
    "row_1_based_bottom": 6,
    "col_1_based_left": 3,
    "row_index_top0": 8,
    "col_index_left0": 2
  },
  "D6": {
    "row_1_based_bottom": 6,
    "col_1_based_left": 4,
    "row_index_top0": 8,
    "col_index_left0": 3
  },
  "E6": {
    "row_1_based_bottom": 6,
    "col_1_based_left": 5,
    "row_index_top0": 8,
    "col_index_left0": 4
  },
  "F6": {
    "row_1_based_bottom": 6,
    "col_1_based_left": 6,
    "row_index_top0": 8,
    "col_index_left0": 5
  },
  "G6": {
    "row_1_based_bottom": 6,
    "col_1_based_left": 7,
    "row_index_top0": 8,
    "col_index_left0": 6
  },
  "H6": {
    "row_1_based_bottom": 6,
    "col_1_based_left": 8,
    "row_index_top0": 8,
    "col_index_left0": 7
  },
  "I6": {
    "row_1_based_bottom": 6,
    "col_1_based_left": 9,
    "row_index_top0": 8,
    "col_index_left0": 8
  },
  "J6": {
    "row_1_based_bottom": 6,
    "col_1_based_left": 10,
    "row_index_top0": 8,
    "col_index_left0": 9
  },
  "A7": {
    "row_1_based_bottom": 7,
    "col_1_based_left": 1,
    "row_index_top0": 7,
    "col_index_left0": 0
  },
  "B7": {
    "row_1_based_bottom": 7,
    "col_1_based_left": 2,
    "row_index_top0": 7,
    "col_index_left0": 1
  },
  "C7": {
    "row_1_based_bottom": 7,
    "col_1_based_left": 3,
    "row_index_top0": 7,
    "col_index_left0": 2
  },
  "D7": {
    "row_1_based_bottom": 7,
    "col_1_based_left": 4,
    "row_index_top0": 7,
    "col_index_left0": 3
  },
  "E7": {
    "row_1_based_bottom": 7,
    "col_1_based_left": 5,
    "row_index_top0": 7,
    "col_index_left0": 4
  },
  "F7": {
    "row_1_based_bottom": 7,
    "col_1_based_left": 6,
    "row_index_top0": 7,
    "col_index_left0": 5
  },
  "G7": {
    "row_1_based_bottom": 7,
    "col_1_based_left": 7,
    "row_index_top0": 7,
    "col_index_left0": 6
  },
  "H7": {
    "row_1_based_bottom": 7,
    "col_1_based_left": 8,
    "row_index_top0": 7,
    "col_index_left0": 7
  },
  "I7": {
    "row_1_based_bottom": 7,
    "col_1_based_left": 9,
    "row_index_top0": 7,
    "col_index_left0": 8
  },
  "J7": {
    "row_1_based_bottom": 7,
    "col_1_based_left": 10,
    "row_index_top0": 7,
    "col_index_left0": 9
  },
  "A8": {
    "row_1_based_bottom": 8,
    "col_1_based_left": 1,
    "row_index_top0": 6,
    "col_index_left0": 0
  },
  "B8": {
    "row_1_based_bottom": 8,
    "col_1_based_left": 2,
    "row_index_top0": 6,
    "col_index_left0": 1
  },
  "C8": {
    "row_1_based_bottom": 8,
    "col_1_based_left": 3,
    "row_index_top0": 6,
    "col_index_left0": 2
  },
  "D8": {
    "row_1_based_bottom": 8,
    "col_1_based_left": 4,
    "row_index_top0": 6,
    "col_index_left0": 3
  },
  "E8": {
    "row_1_based_bottom": 8,
    "col_1_based_left": 5,
    "row_index_top0": 6,
    "col_index_left0": 4
  },
  "F8": {
    "row_1_based_bottom": 8,
    "col_1_based_left": 6,
    "row_index_top0": 6,
    "col_index_left0": 5
  },
  "G8": {
    "row_1_based_bottom": 8,
    "col_1_based_left": 7,
    "row_index_top0": 6,
    "col_index_left0": 6
  },
  "H8": {
    "row_1_based_bottom": 8,
    "col_1_based_left": 8,
    "row_index_top0": 6,
    "col_index_left0": 7
  },
  "I8": {
    "row_1_based_bottom": 8,
    "col_1_based_left": 9,
    "row_index_top0": 6,
    "col_index_left0": 8
  },
  "J8": {
    "row_1_based_bottom": 8,
    "col_1_based_left": 10,
    "row_index_top0": 6,
    "col_index_left0": 9
  },
  "A9": {
    "row_1_based_bottom": 9,
    "col_1_based_left": 1,
    "row_index_top0": 5,
    "col_index_left0": 0
  },
  "B9": {
    "row_1_based_bottom": 9,
    "col_1_based_left": 2,
    "row_index_top0": 5,
    "col_index_left0": 1
  },
  "C9": {
    "row_1_based_bottom": 9,
    "col_1_based_left": 3,
    "row_index_top0": 5,
    "col_index_left0": 2
  },
  "D9": {
    "row_1_based_bottom": 9,
    "col_1_based_left": 4,
    "row_index_top0": 5,
    "col_index_left0": 3
  },
  "E9": {
    "row_1_based_bottom": 9,
    "col_1_based_left": 5,
    "row_index_top0": 5,
    "col_index_left0": 4
  },
  "F9": {
    "row_1_based_bottom": 9,
    "col_1_based_left": 6,
    "row_index_top0": 5,
    "col_index_left0": 5
  },
  "G9": {
    "row_1_based_bottom": 9,
    "col_1_based_left": 7,
    "row_index_top0": 5,
    "col_index_left0": 6
  },
  "H9": {
    "row_1_based_bottom": 9,
    "col_1_based_left": 8,
    "row_index_top0": 5,
    "col_index_left0": 7
  },
  "I9": {
    "row_1_based_bottom": 9,
    "col_1_based_left": 9,
    "row_index_top0": 5,
    "col_index_left0": 8
  },
  "J9": {
    "row_1_based_bottom": 9,
    "col_1_based_left": 10,
    "row_index_top0": 5,
    "col_index_left0": 9
  },
  "A10": {
    "row_1_based_bottom": 10,
    "col_1_based_left": 1,
    "row_index_top0": 4,
    "col_index_left0": 0
  },
  "B10": {
    "row_1_based_bottom": 10,
    "col_1_based_left": 2,
    "row_index_top0": 4,
    "col_index_left0": 1
  },
  "C10": {
    "row_1_based_bottom": 10,
    "col_1_based_left": 3,
    "row_index_top0": 4,
    "col_index_left0": 2
  },
  "D10": {
    "row_1_based_bottom": 10,
    "col_1_based_left": 4,
    "row_index_top0": 4,
    "col_index_left0": 3
  },
  "E10": {
    "row_1_based_bottom": 10,
    "col_1_based_left": 5,
    "row_index_top0": 4,
    "col_index_left0": 4
  },
  "F10": {
    "row_1_based_bottom": 10,
    "col_1_based_left": 6,
    "row_index_top0": 4,
    "col_index_left0": 5
  },
  "G10": {
    "row_1_based_bottom": 10,
    "col_1_based_left": 7,
    "row_index_top0": 4,
    "col_index_left0": 6
  },
  "H10": {
    "row_1_based_bottom": 10,
    "col_1_based_left": 8,
    "row_index_top0": 4,
    "col_index_left0": 7
  },
  "I10": {
    "row_1_based_bottom": 10,
    "col_1_based_left": 9,
    "row_index_top0": 4,
    "col_index_left0": 8
  },
  "J10": {
    "row_1_based_bottom": 10,
    "col_1_based_left": 10,
    "row_index_top0": 4,
    "col_index_left0": 9
  },
  "A11": {
    "row_1_based_bottom": 11,
    "col_1_based_left": 1,
    "row_index_top0": 3,
    "col_index_left0": 0
  },
  "B11": {
    "row_1_based_bottom": 11,
    "col_1_based_left": 2,
    "row_index_top0": 3,
    "col_index_left0": 1
  },
  "C11": {
    "row_1_based_bottom": 11,
    "col_1_based_left": 3,
    "row_index_top0": 3,
    "col_index_left0": 2
  },
  "D11": {
    "row_1_based_bottom": 11,
    "col_1_based_left": 4,
    "row_index_top0": 3,
    "col_index_left0": 3
  },
  "E11": {
    "row_1_based_bottom": 11,
    "col_1_based_left": 5,
    "row_index_top0": 3,
    "col_index_left0": 4
  },
  "F11": {
    "row_1_based_bottom": 11,
    "col_1_based_left": 6,
    "row_index_top0": 3,
    "col_index_left0": 5
  },
  "G11": {
    "row_1_based_bottom": 11,
    "col_1_based_left": 7,
    "row_index_top0": 3,
    "col_index_left0": 6
  },
  "H11": {
    "row_1_based_bottom": 11,
    "col_1_based_left": 8,
    "row_index_top0": 3,
    "col_index_left0": 7
  },
  "I11": {
    "row_1_based_bottom": 11,
    "col_1_based_left": 9,
    "row_index_top0": 3,
    "col_index_left0": 8
  },
  "J11": {
    "row_1_based_bottom": 11,
    "col_1_based_left": 10,
    "row_index_top0": 3,
    "col_index_left0": 9
  },
  "A12": {
    "row_1_based_bottom": 12,
    "col_1_based_left": 1,
    "row_index_top0": 2,
    "col_index_left0": 0
  },
  "B12": {
    "row_1_based_bottom": 12,
    "col_1_based_left": 2,
    "row_index_top0": 2,
    "col_index_left0": 1
  },
  "C12": {
    "row_1_based_bottom": 12,
    "col_1_based_left": 3,
    "row_index_top0": 2,
    "col_index_left0": 2
  },
  "D12": {
    "row_1_based_bottom": 12,
    "col_1_based_left": 4,
    "row_index_top0": 2,
    "col_index_left0": 3
  },
  "E12": {
    "row_1_based_bottom": 12,
    "col_1_based_left": 5,
    "row_index_top0": 2,
    "col_index_left0": 4
  },
  "F12": {
    "row_1_based_bottom": 12,
    "col_1_based_left": 6,
    "row_index_top0": 2,
    "col_index_left0": 5
  },
  "G12": {
    "row_1_based_bottom": 12,
    "col_1_based_left": 7,
    "row_index_top0": 2,
    "col_index_left0": 6
  },
  "H12": {
    "row_1_based_bottom": 12,
    "col_1_based_left": 8,
    "row_index_top0": 2,
    "col_index_left0": 7
  },
  "I12": {
    "row_1_based_bottom": 12,
    "col_1_based_left": 9,
    "row_index_top0": 2,
    "col_index_left0": 8
  },
  "J12": {
    "row_1_based_bottom": 12,
    "col_1_based_left": 10,
    "row_index_top0": 2,
    "col_index_left0": 9
  },
  "A13": {
    "row_1_based_bottom": 13,
    "col_1_based_left": 1,
    "row_index_top0": 1,
    "col_index_left0": 0
  },
  "B13": {
    "row_1_based_bottom": 13,
    "col_1_based_left": 2,
    "row_index_top0": 1,
    "col_index_left0": 1
  },
  "C13": {
    "row_1_based_bottom": 13,
    "col_1_based_left": 3,
    "row_index_top0": 1,
    "col_index_left0": 2
  },
  "D13": {
    "row_1_based_bottom": 13,
    "col_1_based_left": 4,
    "row_index_top0": 1,
    "col_index_left0": 3
  },
  "E13": {
    "row_1_based_bottom": 13,
    "col_1_based_left": 5,
    "row_index_top0": 1,
    "col_index_left0": 4
  },
  "F13": {
    "row_1_based_bottom": 13,
    "col_1_based_left": 6,
    "row_index_top0": 1,
    "col_index_left0": 5
  },
  "G13": {
    "row_1_based_bottom": 13,
    "col_1_based_left": 7,
    "row_index_top0": 1,
    "col_index_left0": 6
  },
  "H13": {
    "row_1_based_bottom": 13,
    "col_1_based_left": 8,
    "row_index_top0": 1,
    "col_index_left0": 7
  },
  "I13": {
    "row_1_based_bottom": 13,
    "col_1_based_left": 9,
    "row_index_top0": 1,
    "col_index_left0": 8
  },
  "J13": {
    "row_1_based_bottom": 13,
    "col_1_based_left": 10,
    "row_index_top0": 1,
    "col_index_left0": 9
  },
  "A14": {
    "row_1_based_bottom": 14,
    "col_1_based_left": 1,
    "row_index_top0": 0,
    "col_index_left0": 0
  },
  "B14": {
    "row_1_based_bottom": 14,
    "col_1_based_left": 2,
    "row_index_top0": 0,
    "col_index_left0": 1
  },
  "C14": {
    "row_1_based_bottom": 14,
    "col_1_based_left": 3,
    "row_index_top0": 0,
    "col_index_left0": 2
  },
  "D14": {
    "row_1_based_bottom": 14,
    "col_1_based_left": 4,
    "row_index_top0": 0,
    "col_index_left0": 3
  },
  "E14": {
    "row_1_based_bottom": 14,
    "col_1_based_left": 5,
    "row_index_top0": 0,
    "col_index_left0": 4
  },
  "F14": {
    "row_1_based_bottom": 14,
    "col_1_based_left": 6,
    "row_index_top0": 0,
    "col_index_left0": 5
  },
  "G14": {
    "row_1_based_bottom": 14,
    "col_1_based_left": 7,
    "row_index_top0": 0,
    "col_index_left0": 6
  },
  "H14": {
    "row_1_based_bottom": 14,
    "col_1_based_left": 8,
    "row_index_top0": 0,
    "col_index_left0": 7
  },
  "I14": {
    "row_1_based_bottom": 14,
    "col_1_based_left": 9,
    "row_index_top0": 0,
    "col_index_left0": 8
  },
  "J14": {
    "row_1_based_bottom": 14,
    "col_1_based_left": 10,
    "row_index_top0": 0,
    "col_index_left0": 9
  }
}